{
	"camera_stitch_params" : {
		"global" : {
			"RMS_Error" : "10.289126",
			"focal_length" : 35,
			"pixel_size" : 0.0014,
			"sensorheight" : 2144,
			"sensorwidth" : 3840,
			"vig_poly_blue" : [
				[
					0
				],
				[
					0
				],
				[
					0
				],
				[
					0
				],
				[
					0
				],
				[
					0
				],
				[
					0
				],
				[
					0
				],
				[
					0
				],
				[
					0
				],
				[
					1
				]
			],
			"vig_poly_green" : [
				[
					0
				],
				[
					0
				],
				[
					0
				],
				[
					0
				],
				[
					0
				],
				[
					0
				],
				[
					0
				],
				[
					0
				],
				[
					0
				],
				[
					0
				],
				[
					1
				]
			],
			"vig_poly_red" : [
				[
					0
				],
				[
					0
				],
				[
					0
				],
				[
					0
				],
				[
					0
				],
				[
					0
				],
				[
					0
				],
				[
					0
				],
				[
					0
				],
				[
					0
				],
				[
					1
				]
			]
		},
		"microcameras" : [
			{
				"F" : 15454.829478580568,
				"K1" : 0.0056528107916711404,
				"OFFSET_X" : 0,
				"OFFSET_Y" : 0,
				"Pitch" : -0.30529416732461101,
				"Radial" : 10,
				"Roll" : -0.0306941395143135,
				"Sensorcal" : [
					"1",
					"1.0",
					"1.0",
					"1"
				],
				"Slot" : 1,
				"Yaw" : -28.680761317924699,
				"gain" : 1,
				"max_visible_scale" : 4,
				"vigoffset_x" : 0,
				"vigoffset_y" : 0
			},
			{
				"F" : 15454.829478580568,
				"K1" : 0.0056528107916711404,
				"OFFSET_X" : 0,
				"OFFSET_Y" : 0,
				"Pitch" : 6.4766472066082503,
				"Radial" : 10,
				"Roll" : 0.38288764667153402,
				"Sensorcal" : [
					"1",
					"1.0",
					"1.0",
					"1"
				],
				"Slot" : 2,
				"Yaw" : -27.957270345191201,
				"gain" : 1,
				"max_visible_scale" : 4,
				"vigoffset_x" : 0,
				"vigoffset_y" : 0
			},
			{
				"F" : 15454.829478580568,
				"K1" : 0.0056528107916711404,
				"OFFSET_X" : 0,
				"OFFSET_Y" : 0,
				"Pitch" : 6.7805310551986402,
				"Radial" : 10,
				"Roll" : 0.26839755790369202,
				"Sensorcal" : [
					"1",
					"1.0",
					"1.0",
					"1"
				],
				"Slot" : 3,
				"Yaw" : -16.396251887340799,
				"gain" : 1,
				"max_visible_scale" : 4,
				"vigoffset_x" : 0,
				"vigoffset_y" : 0
			},
			{
				"F" : 15454.829478580568,
				"K1" : 0.0056528107916711404,
				"OFFSET_X" : 0,
				"OFFSET_Y" : 0,
				"Pitch" : 6.5989319573018204,
				"Radial" : 10,
				"Roll" : 0.543214556616472,
				"Sensorcal" : [
					"1",
					"1.0",
					"1.0",
					"1"
				],
				"Slot" : 4,
				"Yaw" : -5.7551336409764398,
				"gain" : 1,
				"max_visible_scale" : 4,
				"vigoffset_x" : 0,
				"vigoffset_y" : 0
			},
			{
				"F" : 2169.6835442903894,
				"K1" : 0.0056528107916711404,
				"OFFSET_X" : 0,
				"OFFSET_Y" : 0,
				"Pitch" : -0.15772626160876099,
				"Radial" : 11,
				"Roll" : -0.056596427225007899,
				"Sensorcal" : [
					"1",
					"1.0",
					"1.0",
					"1"
				],
				"Slot" : 5,
				"Yaw" : -12.0000664595799,
				"always_visible" : true,
				"gain" : 1,
				"max_visible_scale" : 1000,
				"vigoffset_x" : 0,
				"vigoffset_y" : 0
			},
			{
				"F" : 15454.829478580568,
				"K1" : 0.0056528107916711404,
				"OFFSET_X" : 0,
				"OFFSET_Y" : 0,
				"Pitch" : 6.9290493957861203,
				"Radial" : 10,
				"Roll" : -0.204678122813507,
				"Sensorcal" : [
					"1",
					"1.0",
					"1.0",
					"1"
				],
				"Slot" : 6,
				"Yaw" : 6.3662766004561204,
				"gain" : 1,
				"max_visible_scale" : 4,
				"vigoffset_x" : 0,
				"vigoffset_y" : 0
			},
			{
				"F" : 15454.829478580568,
				"K1" : 0.0056528107916711404,
				"OFFSET_X" : 0,
				"OFFSET_Y" : 0,
				"Pitch" : -0.53338307764026105,
				"Radial" : 10,
				"Roll" : 0.53643115269654595,
				"Sensorcal" : [
					"1",
					"1.0",
					"1.0",
					"1"
				],
				"Slot" : 7,
				"Yaw" : 17.994609868954999,
				"gain" : 1,
				"max_visible_scale" : 4,
				"vigoffset_x" : 0,
				"vigoffset_y" : 0
			},
			{
				"F" : 15454.829478580568,
				"K1" : 0.0056528107916711404,
				"OFFSET_X" : 0,
				"OFFSET_Y" : 0,
				"Pitch" : 6.5493841174573602,
				"Radial" : 10,
				"Roll" : -0.205091633077745,
				"Sensorcal" : [
					"1",
					"1.0",
					"1.0",
					"1"
				],
				"Slot" : 8,
				"Yaw" : 17.691444916650902,
				"gain" : 1,
				"max_visible_scale" : 4,
				"vigoffset_x" : 0,
				"vigoffset_y" : 0
			},
			{
				"F" : 15454.829478580568,
				"K1" : 0.0056528107916711404,
				"OFFSET_X" : 0,
				"OFFSET_Y" : 0,
				"Pitch" : 6.63445214000307,
				"Radial" : 10,
				"Roll" : -0.143073489119935,
				"Sensorcal" : [
					"1",
					"1.0",
					"1.0",
					"1"
				],
				"Slot" : 9,
				"Yaw" : 28.551636574423402,
				"gain" : 1,
				"max_visible_scale" : 4,
				"vigoffset_x" : 0,
				"vigoffset_y" : 0
			},
			{
				"F" : 15454.829478580568,
				"K1" : 0.0056528107916711404,
				"OFFSET_X" : 0,
				"OFFSET_Y" : 0,
				"Pitch" : -1.08964969900024,
				"Radial" : 10,
				"Roll" : -0.27308869800737101,
				"Sensorcal" : [
					"1",
					"1.0",
					"1.0",
					"1"
				],
				"Slot" : 10,
				"Yaw" : 29.348553450630899,
				"gain" : 1,
				"max_visible_scale" : 4,
				"vigoffset_x" : 0,
				"vigoffset_y" : 0
			},
			{
				"F" : 15454.829478580568,
				"K1" : 0.0056528107916711404,
				"OFFSET_X" : 0,
				"OFFSET_Y" : 0,
				"Pitch" : -7.0799772311237499,
				"Radial" : 10,
				"Roll" : -1.2037284993686901,
				"Sensorcal" : [
					"1",
					"1.0",
					"1.0",
					"1"
				],
				"Slot" : 11,
				"Yaw" : 28.481536368503299,
				"gain" : 1,
				"max_visible_scale" : 4,
				"vigoffset_x" : 0,
				"vigoffset_y" : 0
			},
			{
				"F" : 15454.829478580568,
				"K1" : 0.0056528107916711404,
				"OFFSET_X" : 0,
				"OFFSET_Y" : 0,
				"Pitch" : -6.91860363239031,
				"Radial" : 10,
				"Roll" : 0.74537173192108097,
				"Sensorcal" : [
					"1",
					"1.0",
					"1.0",
					"1"
				],
				"Slot" : 12,
				"Yaw" : 16.779242309798299,
				"gain" : 1,
				"max_visible_scale" : 4,
				"vigoffset_x" : 0,
				"vigoffset_y" : 0
			},
			{
				"F" : 15454.829478580568,
				"K1" : 0.0056528107916711404,
				"OFFSET_X" : 0,
				"OFFSET_Y" : 0,
				"Pitch" : -7.5474909431672996,
				"Radial" : 10,
				"Roll" : 0.18577024960594499,
				"Sensorcal" : [
					"1",
					"1.0",
					"1.0",
					"1"
				],
				"Slot" : 13,
				"Yaw" : 5.6936139305240303,
				"gain" : 1,
				"max_visible_scale" : 4,
				"vigoffset_x" : 0,
				"vigoffset_y" : 0
			},
			{
				"F" : 15454.829478580568,
				"K1" : 0.0056528107916711404,
				"OFFSET_X" : 0,
				"OFFSET_Y" : 0,
				"Pitch" : -0.36183663877273198,
				"Radial" : 10,
				"Roll" : -0.45526422701727698,
				"Sensorcal" : [
					"1",
					"1.0",
					"1.0",
					"1"
				],
				"Slot" : 14,
				"Yaw" : 6.5832551865745597,
				"gain" : 1,
				"max_visible_scale" : 4,
				"vigoffset_x" : 0,
				"vigoffset_y" : 0
			},
			{
				"F" : 15454.829478580568,
				"K1" : 0.0056528107916711404,
				"OFFSET_X" : 0,
				"OFFSET_Y" : 0,
				"Pitch" : -0.43255874476300099,
				"Radial" : 10,
				"Roll" : 0.28832218488310402,
				"Sensorcal" : [
					"1",
					"1.0",
					"1.0",
					"1"
				],
				"Slot" : 15,
				"Yaw" : -5.7885023513208402,
				"gain" : 1,
				"max_visible_scale" : 4,
				"vigoffset_x" : 0,
				"vigoffset_y" : 0
			},
			{
				"F" : 15454.829478580568,
				"K1" : 0.0056528107916711404,
				"OFFSET_X" : 0,
				"OFFSET_Y" : 0,
				"Pitch" : -7.1124069583151703,
				"Radial" : 10,
				"Roll" : 0.11171095471331401,
				"Sensorcal" : [
					"1",
					"1.0",
					"1.0",
					"1"
				],
				"Slot" : 16,
				"Yaw" : -5.7816834396803296,
				"gain" : 1,
				"max_visible_scale" : 4,
				"vigoffset_x" : 0,
				"vigoffset_y" : 0
			},
			{
				"F" : 15454.829478580568,
				"K1" : 0.0056528107916711404,
				"OFFSET_X" : 0,
				"OFFSET_Y" : 0,
				"Pitch" : -6.5751125320703698,
				"Radial" : 10,
				"Roll" : -0.67158252392071405,
				"Sensorcal" : [
					"1",
					"1.0",
					"1.0",
					"1"
				],
				"Slot" : 17,
				"Yaw" : -16.669008049967001,
				"gain" : 1,
				"max_visible_scale" : 4,
				"vigoffset_x" : 0,